region,measure,minimum_discharges,source_hospitals,eligible,missing_ratio,missing_volume,below_volume,above_one,exactly_one,below_one,median_err,above_share
IN,READM-30-HF-HRRP,0,82,72,10,0,0,35,0,37,0.99595,0.4861111111111111
US,READM-30-HF-HRRP,0,3055,2621,434,0,0,1282,1,1338,0.9983,0.4891262876764594
IN,READM-30-COPD-HRRP,0,82,68,14,0,0,34,0,34,0.99875,0.5
US,READM-30-COPD-HRRP,0,3055,2323,732,0,0,1097,3,1223,0.9969,0.4722341799397331
IN,READM-30-PN-HRRP,0,82,71,11,0,0,30,0,41,0.9884,0.4225352112676056
US,READM-30-PN-HRRP,0,3055,2715,340,0,0,1271,2,1442,0.9955,0.4681399631675875
IN,READM-30-AMI-HRRP,0,82,44,38,0,0,19,0,25,0.9942,0.4318181818181818
US,READM-30-AMI-HRRP,0,3055,1736,1319,0,0,862,0,874,0.99945,0.4965437788018433
IN,READM-30-CABG-HRRP,0,82,24,58,0,0,11,0,13,0.98105,0.4583333333333333
US,READM-30-CABG-HRRP,0,3055,878,2177,0,0,438,1,439,0.99995,0.4988610478359909
IN,READM-30-HIP-KNEE-HRRP,0,82,42,40,0,0,16,0,26,0.97515,0.38095238095238093
US,READM-30-HIP-KNEE-HRRP,0,3055,1447,1608,0,0,693,0,754,0.9916,0.47892190739460955
IN,READM-30-HF-HRRP,25,82,64,10,8,0,34,0,30,1.0081,0.53125
US,READM-30-HF-HRRP,25,3055,2316,434,305,0,1187,1,1128,1.002,0.5125215889464594
IN,READM-30-COPD-HRRP,25,82,47,14,21,0,28,0,19,1.0161,0.5957446808510638
US,READM-30-COPD-HRRP,25,3055,1545,732,778,0,879,1,665,1.0089,0.5689320388349515
IN,READM-30-PN-HRRP,25,82,61,11,10,0,27,0,34,0.9909,0.4426229508196721
US,READM-30-PN-HRRP,25,3055,2320,340,395,0,1189,2,1129,1.0028,0.5125
IN,READM-30-AMI-HRRP,25,82,34,38,10,0,15,0,19,0.9913000000000001,0.4411764705882353
US,READM-30-AMI-HRRP,25,3055,1240,1319,496,0,703,0,537,1.0107499999999998,0.5669354838709677
IN,READM-30-CABG-HRRP,25,82,8,58,16,0,6,0,2,1.05565,0.75
US,READM-30-CABG-HRRP,25,3055,363,2177,515,0,221,0,142,1.0336,0.6088154269972452
IN,READM-30-HIP-KNEE-HRRP,25,82,5,40,37,0,1,0,4,0.8896,0.2
US,READM-30-HIP-KNEE-HRRP,25,3055,253,1608,1194,0,136,0,117,1.0267,0.5375494071146245
IN,READM-30-HF-HRRP,100,82,54,10,8,10,29,0,25,1.0119,0.5370370370370371
US,READM-30-HF-HRRP,100,3055,1997,434,305,319,970,1,1026,0.9982,0.485728592889334
IN,READM-30-COPD-HRRP,100,82,29,14,21,18,14,0,15,0.992,0.4827586206896552
US,READM-30-COPD-HRRP,100,3055,1002,732,778,543,516,1,485,1.00205,0.5149700598802395
IN,READM-30-PN-HRRP,100,82,57,11,10,4,23,0,34,0.9884,0.40350877192982454
US,READM-30-PN-HRRP,100,3055,2133,340,395,187,1040,2,1091,0.9982,0.4875761837787154
IN,READM-30-AMI-HRRP,100,82,31,38,10,3,12,0,19,0.9889,0.3870967741935484
US,READM-30-AMI-HRRP,100,3055,1031,1319,496,209,522,0,509,1.0006,0.5063045586808923
IN,READM-30-CABG-HRRP,100,82,6,58,16,2,4,0,2,1.0337,0.6666666666666666
US,READM-30-CABG-HRRP,100,3055,297,2177,515,66,159,0,138,1.008,0.5353535353535354
IN,READM-30-HIP-KNEE-HRRP,100,82,5,40,37,0,1,0,4,0.8896,0.2
US,READM-30-HIP-KNEE-HRRP,100,3055,250,1608,1194,3,133,0,117,1.0195,0.532
IN,READM-30-HF-HRRP,250,82,34,10,8,30,18,0,16,1.0081,0.5294117647058824
US,READM-30-HF-HRRP,250,3055,1250,434,305,1066,583,0,667,0.99505,0.4664
IN,READM-30-COPD-HRRP,250,82,4,14,21,43,2,0,2,1.00705,0.5
US,READM-30-COPD-HRRP,250,3055,158,732,778,1387,84,0,74,1.00455,0.5316455696202531
IN,READM-30-PN-HRRP,250,82,33,11,10,28,12,0,21,0.9789,0.36363636363636365
US,READM-30-PN-HRRP,250,3055,1261,340,395,1059,631,1,629,1.0002,0.500396510705789
IN,READM-30-AMI-HRRP,250,82,7,38,10,27,2,0,5,0.9443,0.2857142857142857
US,READM-30-AMI-HRRP,250,3055,362,1319,496,878,164,0,198,0.9923,0.4530386740331492
IN,READM-30-CABG-HRRP,250,82,1,58,16,7,0,0,1,0.9241,0.0
US,READM-30-CABG-HRRP,250,3055,61,2177,515,302,21,0,40,0.9507,0.3442622950819672
IN,READM-30-HIP-KNEE-HRRP,250,82,3,40,37,2,0,0,3,0.6642,0.0
US,READM-30-HIP-KNEE-HRRP,250,3055,165,1608,1194,88,57,0,108,0.9338,0.34545454545454546
