facility_id,facility_name,state,measure_id,discharges,err,predicted_rate,expected_rate,discharges_raw,err_raw,readmissions_raw,footnote,start_date,end_date
150088,ASCENSION ST VINCENT ANDERSON,IN,READM-30-AMI-HRRP,,,,,N/A,N/A,N/A,1,2021-07-01,2024-06-30
150088,ASCENSION ST VINCENT ANDERSON,IN,READM-30-CABG-HRRP,,,,,N/A,N/A,N/A,5,2021-07-01,2024-06-30
150088,ASCENSION ST VINCENT ANDERSON,IN,READM-30-COPD-HRRP,55,1.0217,22.3652,21.8892,55,1.0217,14,29,2021-07-01,2024-06-30
150088,ASCENSION ST VINCENT ANDERSON,IN,READM-30-HF-HRRP,116,1.0832,20.8102,19.2109,116,1.0832,30,29,2021-07-01,2024-06-30
150088,ASCENSION ST VINCENT ANDERSON,IN,READM-30-HIP-KNEE-HRRP,,0.9368,5.3557,5.7168,N/A,0.9368,Too Few to Report,29,2021-07-01,2024-06-30
150088,ASCENSION ST VINCENT ANDERSON,IN,READM-30-PN-HRRP,198,1.0289,16.2027,15.7476,198,1.0289,34,29,2021-07-01,2024-06-30
150157,ASCENSION ST VINCENT CARMEL,IN,READM-30-AMI-HRRP,,,,,N/A,N/A,N/A,1,2021-07-01,2024-06-30
150157,ASCENSION ST VINCENT CARMEL,IN,READM-30-CABG-HRRP,,,,,N/A,N/A,N/A,5,2021-07-01,2024-06-30
150157,ASCENSION ST VINCENT CARMEL,IN,READM-30-COPD-HRRP,,0.989,18.5222,18.7275,N/A,0.9890,Too Few to Report,29,2021-07-01,2024-06-30
150157,ASCENSION ST VINCENT CARMEL,IN,READM-30-HF-HRRP,93,0.9592,17.1441,17.8739,93,0.9592,13,29,2021-07-01,2024-06-30
150157,ASCENSION ST VINCENT CARMEL,IN,READM-30-HIP-KNEE-HRRP,,,,,N/A,N/A,N/A,1,2021-07-01,2024-06-30
150157,ASCENSION ST VINCENT CARMEL,IN,READM-30-PN-HRRP,114,1.0072,15.3706,15.2613,114,1.0072,18,29,2021-07-01,2024-06-30
150100,ASCENSION ST VINCENT EVANSVILLE,IN,READM-30-AMI-HRRP,179,1.0399,13.4242,12.9095,179,1.0399,26,29,2021-07-01,2024-06-30
150100,ASCENSION ST VINCENT EVANSVILLE,IN,READM-30-CABG-HRRP,,0.9222,8.155,8.8426,N/A,0.9222,Too Few to Report,29,2021-07-01,2024-06-30
150100,ASCENSION ST VINCENT EVANSVILLE,IN,READM-30-COPD-HRRP,,0.9843,17.6299,17.9119,N/A,0.9843,Too Few to Report,29,2021-07-01,2024-06-30
150100,ASCENSION ST VINCENT EVANSVILLE,IN,READM-30-HF-HRRP,374,0.9447,18.4745,19.5563,374,0.9447,65,29,2021-07-01,2024-06-30
150100,ASCENSION ST VINCENT EVANSVILLE,IN,READM-30-HIP-KNEE-HRRP,670,0.6008,2.791,4.6456,670,0.6008,13,29,2021-07-01,2024-06-30
150100,ASCENSION ST VINCENT EVANSVILLE,IN,READM-30-PN-HRRP,325,1.0042,16.8364,16.7665,325,1.0042,55,29,2021-07-01,2024-06-30
150181,ASCENSION ST VINCENT FISHERS,IN,READM-30-AMI-HRRP,0,,,,0,N/A,N/A,7,2021-07-01,2024-06-30
150181,ASCENSION ST VINCENT FISHERS,IN,READM-30-CABG-HRRP,,,,,N/A,N/A,N/A,5,2021-07-01,2024-06-30
150181,ASCENSION ST VINCENT FISHERS,IN,READM-30-COPD-HRRP,,,,,N/A,N/A,N/A,1,2021-07-01,2024-06-30
150181,ASCENSION ST VINCENT FISHERS,IN,READM-30-HF-HRRP,,1.0014,18.6511,18.6254,N/A,1.0014,Too Few to Report,29,2021-07-01,2024-06-30
150181,ASCENSION ST VINCENT FISHERS,IN,READM-30-HIP-KNEE-HRRP,,0.951,4.6111,4.8487,N/A,0.9510,Too Few to Report,29,2021-07-01,2024-06-30
150181,ASCENSION ST VINCENT FISHERS,IN,READM-30-PN-HRRP,,0.9687,13.9011,14.351,N/A,0.9687,Too Few to Report,29,2021-07-01,2024-06-30
150084,ASCENSION ST VINCENT HOSPITAL,IN,READM-30-AMI-HRRP,116,1.0345,14.8769,14.3808,116,1.0345,19,29,2021-07-01,2024-06-30
150084,ASCENSION ST VINCENT HOSPITAL,IN,READM-30-CABG-HRRP,,1.006,9.6953,9.6374,N/A,1.0060,Too Few to Report,29,2021-07-01,2024-06-30
150084,ASCENSION ST VINCENT HOSPITAL,IN,READM-30-COPD-HRRP,86,0.9582,18.8661,19.6894,86,0.9582,13,29,2021-07-01,2024-06-30
150084,ASCENSION ST VINCENT HOSPITAL,IN,READM-30-HF-HRRP,566,1.0425,21.3655,20.4945,566,1.0425,124,29,2021-07-01,2024-06-30
150084,ASCENSION ST VINCENT HOSPITAL,IN,READM-30-HIP-KNEE-HRRP,,1.0879,9.8348,9.0398,N/A,1.0879,Too Few to Report,29,2021-07-01,2024-06-30
150084,ASCENSION ST VINCENT HOSPITAL,IN,READM-30-PN-HRRP,398,0.9664,16.1567,16.7177,398,0.9664,62,29,2021-07-01,2024-06-30
150010,ASCENSION ST VINCENT KOKOMO,IN,READM-30-AMI-HRRP,,,,,N/A,N/A,N/A,1,2021-07-01,2024-06-30
150010,ASCENSION ST VINCENT KOKOMO,IN,READM-30-CABG-HRRP,,,,,N/A,N/A,N/A,5,2021-07-01,2024-06-30
150010,ASCENSION ST VINCENT KOKOMO,IN,READM-30-COPD-HRRP,,0.9557,15.7603,16.4905,N/A,0.9557,Too Few to Report,29,2021-07-01,2024-06-30
150010,ASCENSION ST VINCENT KOKOMO,IN,READM-30-HF-HRRP,199,0.9477,18.0078,19.0008,199,0.9477,32,29,2021-07-01,2024-06-30
150010,ASCENSION ST VINCENT KOKOMO,IN,READM-30-HIP-KNEE-HRRP,,1.1001,5.9576,5.4155,N/A,1.1001,Too Few to Report,29,2021-07-01,2024-06-30
150010,ASCENSION ST VINCENT KOKOMO,IN,READM-30-PN-HRRP,180,1.0316,16.0677,15.5753,180,1.0316,31,29,2021-07-01,2024-06-30
150044,BAPTIST HEALTH FLOYD,IN,READM-30-AMI-HRRP,228,0.9445,12.6767,13.4209,228,0.9445,26,,2021-07-01,2024-06-30
150044,BAPTIST HEALTH FLOYD,IN,READM-30-CABG-HRRP,,0.9353,10.3177,11.0313,N/A,0.9353,Too Few to Report,,2021-07-01,2024-06-30
150044,BAPTIST HEALTH FLOYD,IN,READM-30-COPD-HRRP,326,1.0262,20.864,20.3308,326,1.0262,70,,2021-07-01,2024-06-30
150044,BAPTIST HEALTH FLOYD,IN,READM-30-HF-HRRP,752,0.9774,20.703,21.1813,752,0.9774,154,,2021-07-01,2024-06-30
150044,BAPTIST HEALTH FLOYD,IN,READM-30-HIP-KNEE-HRRP,,0.9851,8.7976,8.931,N/A,0.9851,Too Few to Report,,2021-07-01,2024-06-30
150044,BAPTIST HEALTH FLOYD,IN,READM-30-PN-HRRP,835,1.059,18.3289,17.3075,835,1.0590,157,,2021-07-01,2024-06-30
150075,BLUFFTON REGIONAL MEDICAL CENTER,IN,READM-30-AMI-HRRP,,,,,N/A,N/A,N/A,1,2021-07-01,2024-06-30
150075,BLUFFTON REGIONAL MEDICAL CENTER,IN,READM-30-CABG-HRRP,,,,,N/A,N/A,N/A,5,2021-07-01,2024-06-30
150075,BLUFFTON REGIONAL MEDICAL CENTER,IN,READM-30-COPD-HRRP,,1.0167,18.3563,18.0553,N/A,1.0167,Too Few to Report,,2021-07-01,2024-06-30
150075,BLUFFTON REGIONAL MEDICAL CENTER,IN,READM-30-HF-HRRP,,0.9865,19.9161,20.1885,N/A,0.9865,Too Few to Report,,2021-07-01,2024-06-30
150075,BLUFFTON REGIONAL MEDICAL CENTER,IN,READM-30-HIP-KNEE-HRRP,,,,,N/A,N/A,N/A,5,2021-07-01,2024-06-30
150075,BLUFFTON REGIONAL MEDICAL CENTER,IN,READM-30-PN-HRRP,,0.9534,12.2608,12.8607,N/A,0.9534,Too Few to Report,,2021-07-01,2024-06-30
150112,COLUMBUS REGIONAL HOSPITAL,IN,READM-30-AMI-HRRP,196,1.0138,13.4182,13.2351,196,1.0138,27,,2021-07-01,2024-06-30
150112,COLUMBUS REGIONAL HOSPITAL,IN,READM-30-CABG-HRRP,,1.0517,10.5362,10.0184,N/A,1.0517,Too Few to Report,,2021-07-01,2024-06-30
150112,COLUMBUS REGIONAL HOSPITAL,IN,READM-30-COPD-HRRP,164,1.0702,20.6615,19.3061,164,1.0702,39,,2021-07-01,2024-06-30
150112,COLUMBUS REGIONAL HOSPITAL,IN,READM-30-HF-HRRP,434,0.981,20.3707,20.7661,434,0.9810,87,,2021-07-01,2024-06-30
150112,COLUMBUS REGIONAL HOSPITAL,IN,READM-30-HIP-KNEE-HRRP,,1.0591,6.7695,6.3916,N/A,1.0591,Too Few to Report,,2021-07-01,2024-06-30
150112,COLUMBUS REGIONAL HOSPITAL,IN,READM-30-PN-HRRP,516,0.9625,16.3917,17.0301,516,0.9625,82,,2021-07-01,2024-06-30
150125,COMMUNITY HOSPITAL,IN,READM-30-AMI-HRRP,230,0.9963,14.4309,14.4841,230,0.9963,33,,2021-07-01,2024-06-30
150125,COMMUNITY HOSPITAL,IN,READM-30-CABG-HRRP,,0.9004,10.2585,11.393,N/A,0.9004,Too Few to Report,,2021-07-01,2024-06-30
150125,COMMUNITY HOSPITAL,IN,READM-30-COPD-HRRP,326,1.0648,20.0276,18.8095,326,1.0648,70,,2021-07-01,2024-06-30
150125,COMMUNITY HOSPITAL,IN,READM-30-HF-HRRP,1122,1.1138,23.1645,20.7978,1122,1.1138,268,,2021-07-01,2024-06-30
150125,COMMUNITY HOSPITAL,IN,READM-30-HIP-KNEE-HRRP,,1.1492,6.9968,6.0886,N/A,1.1492,Too Few to Report,,2021-07-01,2024-06-30
150125,COMMUNITY HOSPITAL,IN,READM-30-PN-HRRP,730,1.0668,18.4304,17.2761,730,1.0668,139,,2021-07-01,2024-06-30
150074,COMMUNITY HOSPITAL EAST,IN,READM-30-AMI-HRRP,291,1.1367,13.932,12.2565,291,1.1367,47,,2021-07-01,2024-06-30
150074,COMMUNITY HOSPITAL EAST,IN,READM-30-CABG-HRRP,180,0.9467,10.2383,10.815,180,0.9467,17,,2021-07-01,2024-06-30
150074,COMMUNITY HOSPITAL EAST,IN,READM-30-COPD-HRRP,132,1.0161,18.7991,18.5005,132,1.0161,26,,2021-07-01,2024-06-30
150074,COMMUNITY HOSPITAL EAST,IN,READM-30-HF-HRRP,577,1.0814,20.6803,19.1229,577,1.0814,125,,2021-07-01,2024-06-30
150074,COMMUNITY HOSPITAL EAST,IN,READM-30-HIP-KNEE-HRRP,,0.9858,5.2044,5.2793,N/A,0.9858,Too Few to Report,,2021-07-01,2024-06-30
150074,COMMUNITY HOSPITAL EAST,IN,READM-30-PN-HRRP,211,0.9909,14.9777,15.1152,211,0.9909,31,,2021-07-01,2024-06-30
150169,COMMUNITY HOSPITAL NORTH,IN,READM-30-AMI-HRRP,,,,,N/A,N/A,N/A,1,2021-07-01,2024-06-30
150169,COMMUNITY HOSPITAL NORTH,IN,READM-30-CABG-HRRP,,,,,N/A,N/A,N/A,5,2021-07-01,2024-06-30
150169,COMMUNITY HOSPITAL NORTH,IN,READM-30-COPD-HRRP,131,0.9691,18.5881,19.18,131,0.9691,22,,2021-07-01,2024-06-30
150169,COMMUNITY HOSPITAL NORTH,IN,READM-30-HF-HRRP,262,1.0578,20.579,19.455,262,1.0578,58,,2021-07-01,2024-06-30
150169,COMMUNITY HOSPITAL NORTH,IN,READM-30-HIP-KNEE-HRRP,,0.7973,4.3777,5.4904,N/A,0.7973,Too Few to Report,,2021-07-01,2024-06-30
150169,COMMUNITY HOSPITAL NORTH,IN,READM-30-PN-HRRP,331,0.9525,14.2639,14.9759,331,0.9525,44,,2021-07-01,2024-06-30
150113,COMMUNITY HOSPITAL OF ANDERSON AND MADISON COUNTY,IN,READM-30-AMI-HRRP,,0.961,12.6567,13.1701,N/A,0.9610,Too Few to Report,,2021-07-01,2024-06-30
150113,COMMUNITY HOSPITAL OF ANDERSON AND MADISON COUNTY,IN,READM-30-CABG-HRRP,,,,,N/A,N/A,N/A,5,2021-07-01,2024-06-30
150113,COMMUNITY HOSPITAL OF ANDERSON AND MADISON COUNTY,IN,READM-30-COPD-HRRP,95,1.0356,19.3624,18.6976,95,1.0356,21,,2021-07-01,2024-06-30
150113,COMMUNITY HOSPITAL OF ANDERSON AND MADISON COUNTY,IN,READM-30-HF-HRRP,235,0.862,16.3758,18.9985,235,0.8620,28,,2021-07-01,2024-06-30
150113,COMMUNITY HOSPITAL OF ANDERSON AND MADISON COUNTY,IN,READM-30-HIP-KNEE-HRRP,,0.8787,5.0552,5.7531,N/A,0.8787,Too Few to Report,,2021-07-01,2024-06-30
150113,COMMUNITY HOSPITAL OF ANDERSON AND MADISON COUNTY,IN,READM-30-PN-HRRP,208,0.9603,14.257,14.8462,208,0.9603,27,,2021-07-01,2024-06-30
150128,"COMMUNITY HOSPITAL SOUTH, INC.",IN,READM-30-AMI-HRRP,114,0.9905,12.6995,12.8208,114,0.9905,14,,2021-07-01,2024-06-30
150128,"COMMUNITY HOSPITAL SOUTH, INC.",IN,READM-30-CABG-HRRP,,,,,N/A,N/A,N/A,5,2021-07-01,2024-06-30
150128,"COMMUNITY HOSPITAL SOUTH, INC.",IN,READM-30-COPD-HRRP,127,1.0158,19.5451,19.2419,127,1.0158,26,,2021-07-01,2024-06-30
150128,"COMMUNITY HOSPITAL SOUTH, INC.",IN,READM-30-HF-HRRP,401,0.9664,19.8234,20.5126,401,0.9664,77,,2021-07-01,2024-06-30
150128,"COMMUNITY HOSPITAL SOUTH, INC.",IN,READM-30-HIP-KNEE-HRRP,,0.9598,6.1279,6.3844,N/A,0.9598,Too Few to Report,,2021-07-01,2024-06-30
150128,"COMMUNITY HOSPITAL SOUTH, INC.",IN,READM-30-PN-HRRP,287,1.0643,15.9781,15.0133,287,1.0643,50,,2021-07-01,2024-06-30
150007,COMMUNITY HOWARD REGIONAL HEALTH INC.,IN,READM-30-AMI-HRRP,,0.9341,12.1658,13.0247,N/A,0.9341,Too Few to Report,,2021-07-01,2024-06-30
150007,COMMUNITY HOWARD REGIONAL HEALTH INC.,IN,READM-30-CABG-HRRP,,,,,N/A,N/A,N/A,5,2021-07-01,2024-06-30
150007,COMMUNITY HOWARD REGIONAL HEALTH INC.,IN,READM-30-COPD-HRRP,113,0.9888,17.5456,17.7451,113,0.9888,19,,2021-07-01,2024-06-30
150007,COMMUNITY HOWARD REGIONAL HEALTH INC.,IN,READM-30-HF-HRRP,165,0.9815,18.3817,18.7282,165,0.9815,29,,2021-07-01,2024-06-30
150007,COMMUNITY HOWARD REGIONAL HEALTH INC.,IN,READM-30-HIP-KNEE-HRRP,,0.8588,4.5459,5.2932,N/A,0.8588,Too Few to Report,,2021-07-01,2024-06-30
150007,COMMUNITY HOWARD REGIONAL HEALTH INC.,IN,READM-30-PN-HRRP,192,0.9799,14.2338,14.5263,192,0.9799,26,,2021-07-01,2024-06-30
150061,DAVIESS COMMUNITY HOSPITAL,IN,READM-30-AMI-HRRP,,,,,N/A,N/A,N/A,1,2021-07-01,2024-06-30
150061,DAVIESS COMMUNITY HOSPITAL,IN,READM-30-CABG-HRRP,,,,,N/A,N/A,N/A,5,2021-07-01,2024-06-30
150061,DAVIESS COMMUNITY HOSPITAL,IN,READM-30-COPD-HRRP,,0.9588,16.6856,17.4029,N/A,0.9588,Too Few to Report,,2021-07-01,2024-06-30
150061,DAVIESS COMMUNITY HOSPITAL,IN,READM-30-HF-HRRP,,0.9962,19.2322,19.3047,N/A,0.9962,Too Few to Report,,2021-07-01,2024-06-30
150061,DAVIESS COMMUNITY HOSPITAL,IN,READM-30-HIP-KNEE-HRRP,,,,,N/A,N/A,N/A,1,2021-07-01,2024-06-30
150061,DAVIESS COMMUNITY HOSPITAL,IN,READM-30-PN-HRRP,,0.9312,12.96,13.9173,N/A,0.9312,Too Few to Report,,2021-07-01,2024-06-30
150082,DEACONESS HOSPITAL INC,IN,READM-30-AMI-HRRP,598,0.9352,11.5924,12.3955,598,0.9352,66,,2021-07-01,2024-06-30
150082,DEACONESS HOSPITAL INC,IN,READM-30-CABG-HRRP,164,1.1139,9.9064,8.8931,164,1.1139,19,,2021-07-01,2024-06-30
150082,DEACONESS HOSPITAL INC,IN,READM-30-COPD-HRRP,398,0.937,17.2844,18.4473,398,0.9370,64,,2021-07-01,2024-06-30
150082,DEACONESS HOSPITAL INC,IN,READM-30-HF-HRRP,1472,1.0949,21.0854,19.2579,1472,1.0949,317,,2021-07-01,2024-06-30
150082,DEACONESS HOSPITAL INC,IN,READM-30-HIP-KNEE-HRRP,188,1.2025,8.4125,6.996,188,1.2025,18,,2021-07-01,2024-06-30
150082,DEACONESS HOSPITAL INC,IN,READM-30-PN-HRRP,946,0.9904,15.607,15.7579,946,0.9904,147,,2021-07-01,2024-06-30
150150,DUPONT HOSPITAL LLC,IN,READM-30-AMI-HRRP,,,,,N/A,N/A,N/A,1,2021-07-01,2024-06-30
150150,DUPONT HOSPITAL LLC,IN,READM-30-CABG-HRRP,,,,,N/A,N/A,N/A,5,2021-07-01,2024-06-30
150150,DUPONT HOSPITAL LLC,IN,READM-30-COPD-HRRP,,0.9972,19.3029,19.3571,N/A,0.9972,Too Few to Report,,2021-07-01,2024-06-30
150150,DUPONT HOSPITAL LLC,IN,READM-30-HF-HRRP,,0.9594,18.9952,19.7983,N/A,0.9594,Too Few to Report,,2021-07-01,2024-06-30
150150,DUPONT HOSPITAL LLC,IN,READM-30-HIP-KNEE-HRRP,,,,,N/A,N/A,N/A,1,2021-07-01,2024-06-30
150150,DUPONT HOSPITAL LLC,IN,READM-30-PN-HRRP,70,1.1035,16.3214,14.7899,70,1.1035,18,,2021-07-01,2024-06-30
150018,ELKHART GENERAL HOSPITAL,IN,READM-30-AMI-HRRP,137,0.9541,10.4287,10.9309,137,0.9541,12,,2021-07-01,2024-06-30
150018,ELKHART GENERAL HOSPITAL,IN,READM-30-CABG-HRRP,111,1.0319,10.9738,10.6346,111,1.0319,13,,2021-07-01,2024-06-30
150018,ELKHART GENERAL HOSPITAL,IN,READM-30-COPD-HRRP,165,0.9399,17.9289,19.0762,165,0.9399,25,,2021-07-01,2024-06-30
150018,ELKHART GENERAL HOSPITAL,IN,READM-30-HF-HRRP,303,1.0517,19.5972,18.6332,303,1.0517,63,,2021-07-01,2024-06-30
150018,ELKHART GENERAL HOSPITAL,IN,READM-30-HIP-KNEE-HRRP,,1.0031,6.05,6.0313,N/A,1.0031,Too Few to Report,,2021-07-01,2024-06-30
150018,ELKHART GENERAL HOSPITAL,IN,READM-30-PN-HRRP,358,0.8747,13.3377,15.2487,358,0.8747,39,,2021-07-01,2024-06-30
150024,ESKENAZI HEALTH,IN,READM-30-AMI-HRRP,,1.0242,15.1557,14.797,N/A,1.0242,Too Few to Report,,2021-07-01,2024-06-30
150024,ESKENAZI HEALTH,IN,READM-30-CABG-HRRP,,,,,N/A,N/A,N/A,5,2021-07-01,2024-06-30
150024,ESKENAZI HEALTH,IN,READM-30-COPD-HRRP,90,1.024,20.2486,19.7731,90,1.0240,20,,2021-07-01,2024-06-30
150024,ESKENAZI HEALTH,IN,READM-30-HF-HRRP,167,1.0196,20.7039,20.3058,167,1.0196,36,,2021-07-01,2024-06-30
150024,ESKENAZI HEALTH,IN,READM-30-HIP-KNEE-HRRP,,,,,N/A,N/A,N/A,1,2021-07-01,2024-06-30
150024,ESKENAZI HEALTH,IN,READM-30-PN-HRRP,92,1.0681,19.933,18.6618,92,1.0681,23,,2021-07-01,2024-06-30
150179,FAIRBANKS,IN,READM-30-AMI-HRRP,,,,,N/A,N/A,N/A,5,2021-07-01,2024-06-30
150179,FAIRBANKS,IN,READM-30-CABG-HRRP,,,,,N/A,N/A,N/A,5,2021-07-01,2024-06-30
150179,FAIRBANKS,IN,READM-30-COPD-HRRP,,,,,N/A,N/A,N/A,5,2021-07-01,2024-06-30
150179,FAIRBANKS,IN,READM-30-HF-HRRP,,,,,N/A,N/A,N/A,5,2021-07-01,2024-06-30
150179,FAIRBANKS,IN,READM-30-HIP-KNEE-HRRP,,,,,N/A,N/A,N/A,5,2021-07-01,2024-06-30
150179,FAIRBANKS,IN,READM-30-PN-HRRP,,,,,N/A,N/A,N/A,5,2021-07-01,2024-06-30
150022,FRANCISCAN HEALTH CRAWFORDSVILLE,IN,READM-30-AMI-HRRP,,,,,N/A,N/A,N/A,1,2021-07-01,2024-06-30
150022,FRANCISCAN HEALTH CRAWFORDSVILLE,IN,READM-30-CABG-HRRP,,,,,N/A,N/A,N/A,5,2021-07-01,2024-06-30
150022,FRANCISCAN HEALTH CRAWFORDSVILLE,IN,READM-30-COPD-HRRP,,0.9601,17.849,18.5906,N/A,0.9601,Too Few to Report,,2021-07-01,2024-06-30
150022,FRANCISCAN HEALTH CRAWFORDSVILLE,IN,READM-30-HF-HRRP,89,0.9643,17.5007,18.1483,89,0.9643,13,,2021-07-01,2024-06-30
150022,FRANCISCAN HEALTH CRAWFORDSVILLE,IN,READM-30-HIP-KNEE-HRRP,,,,,N/A,N/A,N/A,5,2021-07-01,2024-06-30
150022,FRANCISCAN HEALTH CRAWFORDSVILLE,IN,READM-30-PN-HRRP,103,1.0408,16.7998,16.1419,103,1.0408,20,,2021-07-01,2024-06-30
150126,FRANCISCAN HEALTH CROWN POINT,IN,READM-30-AMI-HRRP,198,0.9635,13.5862,14.1012,198,0.9635,25,,2021-07-01,2024-06-30
150126,FRANCISCAN HEALTH CROWN POINT,IN,READM-30-CABG-HRRP,,0.9533,10.0369,10.5288,N/A,0.9533,Too Few to Report,,2021-07-01,2024-06-30
150126,FRANCISCAN HEALTH CROWN POINT,IN,READM-30-COPD-HRRP,162,0.939,17.0597,18.1677,162,0.9390,23,,2021-07-01,2024-06-30
150126,FRANCISCAN HEALTH CROWN POINT,IN,READM-30-HF-HRRP,528,1.0096,19.7548,19.5665,528,1.0096,105,,2021-07-01,2024-06-30
150126,FRANCISCAN HEALTH CROWN POINT,IN,READM-30-HIP-KNEE-HRRP,,1.2117,6.8525,5.6553,N/A,1.2117,Too Few to Report,,2021-07-01,2024-06-30
150126,FRANCISCAN HEALTH CROWN POINT,IN,READM-30-PN-HRRP,505,1.004,16.3826,16.3174,505,1.0040,83,,2021-07-01,2024-06-30
150090,FRANCISCAN HEALTH DYER,IN,READM-30-AMI-HRRP,99,1.0515,16.4881,15.6805,99,1.0515,19,,2021-07-01,2024-06-30
150090,FRANCISCAN HEALTH DYER,IN,READM-30-CABG-HRRP,,,,,N/A,N/A,N/A,5,2021-07-01,2024-06-30
150090,FRANCISCAN HEALTH DYER,IN,READM-30-COPD-HRRP,78,1.0087,20.9486,20.7685,78,1.0087,17,,2021-07-01,2024-06-30
150090,FRANCISCAN HEALTH DYER,IN,READM-30-HF-HRRP,341,1.0383,22.9921,22.1435,341,1.0383,81,,2021-07-01,2024-06-30
150090,FRANCISCAN HEALTH DYER,IN,READM-30-HIP-KNEE-HRRP,0,,,,0,N/A,N/A,7,2021-07-01,2024-06-30
150090,FRANCISCAN HEALTH DYER,IN,READM-30-PN-HRRP,243,0.9939,17.8689,17.9786,243,0.9939,43,,2021-07-01,2024-06-30
150162,FRANCISCAN HEALTH INDIANAPOLIS,IN,READM-30-AMI-HRRP,283,1.0283,13.2813,12.9156,283,1.0283,39,,2021-07-01,2024-06-30
150162,FRANCISCAN HEALTH INDIANAPOLIS,IN,READM-30-CABG-HRRP,115,1.0758,10.5461,9.8033,115,1.0758,14,,2021-07-01,2024-06-30
150162,FRANCISCAN HEALTH INDIANAPOLIS,IN,READM-30-COPD-HRRP,161,1.0067,18.9427,18.8161,161,1.0067,31,,2021-07-01,2024-06-30
150162,FRANCISCAN HEALTH INDIANAPOLIS,IN,READM-30-HF-HRRP,790,0.9321,18.998,20.3829,790,0.9321,145,,2021-07-01,2024-06-30
150162,FRANCISCAN HEALTH INDIANAPOLIS,IN,READM-30-HIP-KNEE-HRRP,,,,,N/A,N/A,N/A,1,2021-07-01,2024-06-30
150162,FRANCISCAN HEALTH INDIANAPOLIS,IN,READM-30-PN-HRRP,1033,1.0302,17.5201,17.0067,1033,1.0302,183,,2021-07-01,2024-06-30
150109,FRANCISCAN HEALTH LAFAYETTE,IN,READM-30-AMI-HRRP,213,0.8708,12.2063,14.0177,213,0.8708,19,,2021-07-01,2024-06-30
150109,FRANCISCAN HEALTH LAFAYETTE,IN,READM-30-CABG-HRRP,,1.0527,11.1333,10.5757,N/A,1.0527,Too Few to Report,,2021-07-01,2024-06-30
150109,FRANCISCAN HEALTH LAFAYETTE,IN,READM-30-COPD-HRRP,90,1.0385,20.1192,19.3726,90,1.0385,21,,2021-07-01,2024-06-30
150109,FRANCISCAN HEALTH LAFAYETTE,IN,READM-30-HF-HRRP,421,0.9941,20.7691,20.893,421,0.9941,87,,2021-07-01,2024-06-30
150109,FRANCISCAN HEALTH LAFAYETTE,IN,READM-30-HIP-KNEE-HRRP,,0.9977,6.2772,6.2914,N/A,0.9977,Too Few to Report,,2021-07-01,2024-06-30
150109,FRANCISCAN HEALTH LAFAYETTE,IN,READM-30-PN-HRRP,381,0.983,16.8422,17.1338,381,0.9830,63,,2021-07-01,2024-06-30
150015,FRANCISCAN HEALTH MICHIGAN CITY,IN,READM-30-AMI-HRRP,125,1.1842,15.4396,13.0376,125,1.1842,28,,2021-07-01,2024-06-30
150015,FRANCISCAN HEALTH MICHIGAN CITY,IN,READM-30-CABG-HRRP,,,,,N/A,N/A,N/A,1,2021-07-01,2024-06-30
150015,FRANCISCAN HEALTH MICHIGAN CITY,IN,READM-30-COPD-HRRP,93,1.0274,18.2467,17.7606,93,1.0274,19,,2021-07-01,2024-06-30
150015,FRANCISCAN HEALTH MICHIGAN CITY,IN,READM-30-HF-HRRP,333,1.0378,20.5032,19.7567,333,1.0378,71,,2021-07-01,2024-06-30
150015,FRANCISCAN HEALTH MICHIGAN CITY,IN,READM-30-HIP-KNEE-HRRP,,1.1242,6.3045,5.608,N/A,1.1242,Too Few to Report,,2021-07-01,2024-06-30
150015,FRANCISCAN HEALTH MICHIGAN CITY,IN,READM-30-PN-HRRP,362,1.0541,16.9765,16.1057,362,1.0541,65,,2021-07-01,2024-06-30
150057,FRANCISCAN HEALTH MOORESVILLE,IN,READM-30-AMI-HRRP,,,,,N/A,N/A,N/A,1,2021-07-01,2024-06-30
150057,FRANCISCAN HEALTH MOORESVILLE,IN,READM-30-CABG-HRRP,,,,,N/A,N/A,N/A,5,2021-07-01,2024-06-30
150057,FRANCISCAN HEALTH MOORESVILLE,IN,READM-30-COPD-HRRP,,1.0189,16.2467,15.9446,N/A,1.0189,Too Few to Report,,2021-07-01,2024-06-30
150057,FRANCISCAN HEALTH MOORESVILLE,IN,READM-30-HF-HRRP,108,0.9799,18.9392,19.3281,108,0.9799,19,,2021-07-01,2024-06-30
150057,FRANCISCAN HEALTH MOORESVILLE,IN,READM-30-HIP-KNEE-HRRP,,0.8043,4.8143,5.986,N/A,0.8043,Too Few to Report,,2021-07-01,2024-06-30
150057,FRANCISCAN HEALTH MOORESVILLE,IN,READM-30-PN-HRRP,176,1.0439,14.8858,14.2599,176,1.0439,29,,2021-07-01,2024-06-30
150165,FRANCISCAN HEALTH MUNSTER,IN,READM-30-AMI-HRRP,,1.0608,14.5798,13.7441,N/A,1.0608,Too Few to Report,,2021-07-01,2024-06-30
150165,FRANCISCAN HEALTH MUNSTER,IN,READM-30-CABG-HRRP,,,,,N/A,N/A,N/A,5,2021-07-01,2024-06-30
150165,FRANCISCAN HEALTH MUNSTER,IN,READM-30-COPD-HRRP,74,1.0003,18.8865,18.8804,74,1.0003,14,,2021-07-01,2024-06-30
150165,FRANCISCAN HEALTH MUNSTER,IN,READM-30-HF-HRRP,243,1.0966,22.6711,20.674,243,1.0966,62,,2021-07-01,2024-06-30
150165,FRANCISCAN HEALTH MUNSTER,IN,READM-30-HIP-KNEE-HRRP,,0.9996,6.6806,6.683,N/A,0.9996,Too Few to Report,,2021-07-01,2024-06-30
150165,FRANCISCAN HEALTH MUNSTER,IN,READM-30-PN-HRRP,149,1.0573,16.9445,16.0265,149,1.0573,29,,2021-07-01,2024-06-30
150193,FRANCISCAN HEALTH ORTHOPEDIC HOSPITAL CARMEL,IN,READM-30-AMI-HRRP,,,,,N/A,N/A,N/A,5,2021-07-01,2024-06-30
150193,FRANCISCAN HEALTH ORTHOPEDIC HOSPITAL CARMEL,IN,READM-30-CABG-HRRP,,,,,N/A,N/A,N/A,5,2021-07-01,2024-06-30
150193,FRANCISCAN HEALTH ORTHOPEDIC HOSPITAL CARMEL,IN,READM-30-COPD-HRRP,,,,,N/A,N/A,N/A,5,2021-07-01,2024-06-30
150193,FRANCISCAN HEALTH ORTHOPEDIC HOSPITAL CARMEL,IN,READM-30-HF-HRRP,,,,,N/A,N/A,N/A,5,2021-07-01,2024-06-30
150193,FRANCISCAN HEALTH ORTHOPEDIC HOSPITAL CARMEL,IN,READM-30-HIP-KNEE-HRRP,,,,,N/A,N/A,N/A,1,2021-07-01,2024-06-30
150193,FRANCISCAN HEALTH ORTHOPEDIC HOSPITAL CARMEL,IN,READM-30-PN-HRRP,,,,,N/A,N/A,N/A,5,2021-07-01,2024-06-30
150042,GOOD SAMARITAN HOSPITAL,IN,READM-30-AMI-HRRP,104,0.9921,10.9482,11.0355,104,0.9921,11,,2021-07-01,2024-06-30
150042,GOOD SAMARITAN HOSPITAL,IN,READM-30-CABG-HRRP,,,,,N/A,N/A,N/A,5,2021-07-01,2024-06-30
150042,GOOD SAMARITAN HOSPITAL,IN,READM-30-COPD-HRRP,80,0.9699,16.5305,17.0442,80,0.9699,11,,2021-07-01,2024-06-30
150042,GOOD SAMARITAN HOSPITAL,IN,READM-30-HF-HRRP,322,1.0809,19.3955,17.9434,322,1.0809,68,,2021-07-01,2024-06-30
150042,GOOD SAMARITAN HOSPITAL,IN,READM-30-HIP-KNEE-HRRP,,0.9711,5.1382,5.2912,N/A,0.9711,Too Few to Report,,2021-07-01,2024-06-30
150042,GOOD SAMARITAN HOSPITAL,IN,READM-30-PN-HRRP,397,1.0677,15.286,14.3169,397,1.0677,65,,2021-07-01,2024-06-30
150026,GOSHEN HOSPITAL,IN,READM-30-AMI-HRRP,85,1.0304,12.3674,12.0025,85,1.0304,12,,2021-07-01,2024-06-30
150026,GOSHEN HOSPITAL,IN,READM-30-CABG-HRRP,,,,,N/A,N/A,N/A,5,2021-07-01,2024-06-30
150026,GOSHEN HOSPITAL,IN,READM-30-COPD-HRRP,,0.9819,13.0993,13.3403,N/A,0.9819,Too Few to Report,,2021-07-01,2024-06-30
150026,GOSHEN HOSPITAL,IN,READM-30-HF-HRRP,202,0.9331,16.2533,17.4178,202,0.9331,28,,2021-07-01,2024-06-30
150026,GOSHEN HOSPITAL,IN,READM-30-HIP-KNEE-HRRP,,,,,N/A,N/A,N/A,1,2021-07-01,2024-06-30
150026,GOSHEN HOSPITAL,IN,READM-30-PN-HRRP,201,0.9687,13.4631,13.8984,201,0.9687,25,,2021-07-01,2024-06-30
150037,HANCOCK REGIONAL HOSPITAL,IN,READM-30-AMI-HRRP,,,,,N/A,N/A,N/A,1,2021-07-01,2024-06-30
150037,HANCOCK REGIONAL HOSPITAL,IN,READM-30-CABG-HRRP,,,,,N/A,N/A,N/A,5,2021-07-01,2024-06-30
150037,HANCOCK REGIONAL HOSPITAL,IN,READM-30-COPD-HRRP,144,1.0356,19.0157,18.3624,144,1.0356,30,,2021-07-01,2024-06-30
150037,HANCOCK REGIONAL HOSPITAL,IN,READM-30-HF-HRRP,86,1.0154,17.3553,17.0918,86,1.0154,16,,2021-07-01,2024-06-30
150037,HANCOCK REGIONAL HOSPITAL,IN,READM-30-HIP-KNEE-HRRP,,0.9709,5.5702,5.7371,N/A,0.9709,Too Few to Report,,2021-07-01,2024-06-30
150037,HANCOCK REGIONAL HOSPITAL,IN,READM-30-PN-HRRP,126,0.9776,14.6754,15.0115,126,0.9776,17,,2021-07-01,2024-06-30
150005,HENDRICKS REGIONAL HEALTH,IN,READM-30-AMI-HRRP,,0.9175,12.5056,13.6301,N/A,0.9175,Too Few to Report,,2021-07-01,2024-06-30
150005,HENDRICKS REGIONAL HEALTH,IN,READM-30-CABG-HRRP,,,,,N/A,N/A,N/A,5,2021-07-01,2024-06-30
150005,HENDRICKS REGIONAL HEALTH,IN,READM-30-COPD-HRRP,106,0.9863,15.0842,15.2931,106,0.9863,15,,2021-07-01,2024-06-30
150005,HENDRICKS REGIONAL HEALTH,IN,READM-30-HF-HRRP,258,1.0066,18.8102,18.687,258,1.0066,49,,2021-07-01,2024-06-30
150005,HENDRICKS REGIONAL HEALTH,IN,READM-30-HIP-KNEE-HRRP,,1.0263,6.7276,6.5554,N/A,1.0263,Too Few to Report,,2021-07-01,2024-06-30
150005,HENDRICKS REGIONAL HEALTH,IN,READM-30-PN-HRRP,291,0.9355,13.5169,14.4481,291,0.9355,35,,2021-07-01,2024-06-30
150030,HENRY COUNTY MEMORIAL HOSPITAL,IN,READM-30-AMI-HRRP,,,,,N/A,N/A,N/A,1,2021-07-01,2024-06-30
150030,HENRY COUNTY MEMORIAL HOSPITAL,IN,READM-30-CABG-HRRP,,,,,N/A,N/A,N/A,5,2021-07-01,2024-06-30
150030,HENRY COUNTY MEMORIAL HOSPITAL,IN,READM-30-COPD-HRRP,89,1.0599,19.7734,18.6556,89,1.0599,22,,2021-07-01,2024-06-30
150030,HENRY COUNTY MEMORIAL HOSPITAL,IN,READM-30-HF-HRRP,98,0.9489,18.1159,19.0919,98,0.9489,14,,2021-07-01,2024-06-30
150030,HENRY COUNTY MEMORIAL HOSPITAL,IN,READM-30-HIP-KNEE-HRRP,,0.7609,3.878,5.0965,N/A,0.7609,Too Few to Report,,2021-07-01,2024-06-30
150030,HENRY COUNTY MEMORIAL HOSPITAL,IN,READM-30-PN-HRRP,155,1.0486,13.5272,12.9007,155,1.0486,24,,2021-07-01,2024-06-30
150056,INDIANA UNIVERSITY HEALTH,IN,READM-30-AMI-HRRP,172,0.9434,12.7728,13.5397,172,0.9434,19,,2021-07-01,2024-06-30
150056,INDIANA UNIVERSITY HEALTH,IN,READM-30-CABG-HRRP,82,1.1148,11.2115,10.0571,82,1.1148,12,,2021-07-01,2024-06-30
150056,INDIANA UNIVERSITY HEALTH,IN,READM-30-COPD-HRRP,158,0.9716,18.4532,18.9934,158,0.9716,27,,2021-07-01,2024-06-30
150056,INDIANA UNIVERSITY HEALTH,IN,READM-30-HF-HRRP,456,0.9823,20.2421,20.606,456,0.9823,91,,2021-07-01,2024-06-30
150056,INDIANA UNIVERSITY HEALTH,IN,READM-30-HIP-KNEE-HRRP,,0.9265,5.6747,6.125,N/A,0.9265,Too Few to Report,,2021-07-01,2024-06-30
150056,INDIANA UNIVERSITY HEALTH,IN,READM-30-PN-HRRP,485,0.9968,17.3652,17.4215,485,0.9968,84,,2021-07-01,2024-06-30
150173,INDIANA UNIVERSITY HEALTH ARNETT HOSPITAL,IN,READM-30-AMI-HRRP,186,1.0261,13.2783,12.9403,186,1.0261,26,,2021-07-01,2024-06-30
150173,INDIANA UNIVERSITY HEALTH ARNETT HOSPITAL,IN,READM-30-CABG-HRRP,,0.9591,10.438,10.883,N/A,0.9591,Too Few to Report,,2021-07-01,2024-06-30
150173,INDIANA UNIVERSITY HEALTH ARNETT HOSPITAL,IN,READM-30-COPD-HRRP,146,0.9546,18.8205,19.7151,146,0.9546,24,,2021-07-01,2024-06-30
150173,INDIANA UNIVERSITY HEALTH ARNETT HOSPITAL,IN,READM-30-HF-HRRP,452,0.9769,19.4004,19.8599,452,0.9769,86,,2021-07-01,2024-06-30
150173,INDIANA UNIVERSITY HEALTH ARNETT HOSPITAL,IN,READM-30-HIP-KNEE-HRRP,,1.0502,5.5917,5.3244,N/A,1.0502,Too Few to Report,,2021-07-01,2024-06-30
150173,INDIANA UNIVERSITY HEALTH ARNETT HOSPITAL,IN,READM-30-PN-HRRP,607,0.9443,15.457,16.3682,607,0.9443,90,,2021-07-01,2024-06-30
150089,INDIANA UNIVERSITY HEALTH BALL MEMORIAL HOSPITAL,IN,READM-30-AMI-HRRP,195,1.0911,14.6181,13.3978,195,1.0911,33,,2021-07-01,2024-06-30
150089,INDIANA UNIVERSITY HEALTH BALL MEMORIAL HOSPITAL,IN,READM-30-CABG-HRRP,,0.9429,10.0298,10.6369,N/A,0.9429,Too Few to Report,,2021-07-01,2024-06-30
150089,INDIANA UNIVERSITY HEALTH BALL MEMORIAL HOSPITAL,IN,READM-30-COPD-HRRP,207,0.992,19.6174,19.7749,207,0.9920,40,,2021-07-01,2024-06-30
150089,INDIANA UNIVERSITY HEALTH BALL MEMORIAL HOSPITAL,IN,READM-30-HF-HRRP,665,1.1092,21.8577,19.7062,665,1.1092,153,,2021-07-01,2024-06-30
150089,INDIANA UNIVERSITY HEALTH BALL MEMORIAL HOSPITAL,IN,READM-30-HIP-KNEE-HRRP,258,0.8896,5.5636,6.2538,258,0.8896,13,,2021-07-01,2024-06-30
150089,INDIANA UNIVERSITY HEALTH BALL MEMORIAL HOSPITAL,IN,READM-30-PN-HRRP,847,0.9193,14.9468,16.2596,847,0.9193,121,,2021-07-01,2024-06-30
150051,INDIANA UNIVERSITY HEALTH BLOOMINGTON HOSPITAL,IN,READM-30-AMI-HRRP,215,0.9482,11.4583,12.0843,215,0.9482,22,,2021-07-01,2024-06-30
150051,INDIANA UNIVERSITY HEALTH BLOOMINGTON HOSPITAL,IN,READM-30-CABG-HRRP,,0.962,9.7378,10.1223,N/A,0.9620,Too Few to Report,,2021-07-01,2024-06-30
150051,INDIANA UNIVERSITY HEALTH BLOOMINGTON HOSPITAL,IN,READM-30-COPD-HRRP,95,0.9635,18.6904,19.3984,95,0.9635,15,,2021-07-01,2024-06-30
150051,INDIANA UNIVERSITY HEALTH BLOOMINGTON HOSPITAL,IN,READM-30-HF-HRRP,435,0.8886,18.0492,20.3126,435,0.8886,70,,2021-07-01,2024-06-30
150051,INDIANA UNIVERSITY HEALTH BLOOMINGTON HOSPITAL,IN,READM-30-HIP-KNEE-HRRP,,0.9792,6.2386,6.3711,N/A,0.9792,Too Few to Report,,2021-07-01,2024-06-30
150051,INDIANA UNIVERSITY HEALTH BLOOMINGTON HOSPITAL,IN,READM-30-PN-HRRP,569,0.8365,14.3906,17.2043,569,0.8365,70,,2021-07-01,2024-06-30
150161,INDIANA UNIVERSITY HEALTH NORTH HOSPITAL,IN,READM-30-AMI-HRRP,,1.0043,11.399,11.35,N/A,1.0043,Too Few to Report,,2021-07-01,2024-06-30
150161,INDIANA UNIVERSITY HEALTH NORTH HOSPITAL,IN,READM-30-CABG-HRRP,,,,,N/A,N/A,N/A,5,2021-07-01,2024-06-30
150161,INDIANA UNIVERSITY HEALTH NORTH HOSPITAL,IN,READM-30-COPD-HRRP,,1.0033,17.0031,16.947,N/A,1.0033,Too Few to Report,,2021-07-01,2024-06-30
150161,INDIANA UNIVERSITY HEALTH NORTH HOSPITAL,IN,READM-30-HF-HRRP,212,1.044,19.763,18.9299,212,1.0440,45,,2021-07-01,2024-06-30
150161,INDIANA UNIVERSITY HEALTH NORTH HOSPITAL,IN,READM-30-HIP-KNEE-HRRP,,,,,N/A,N/A,N/A,1,2021-07-01,2024-06-30
150161,INDIANA UNIVERSITY HEALTH NORTH HOSPITAL,IN,READM-30-PN-HRRP,329,0.8495,12.9544,15.2494,329,0.8495,32,,2021-07-01,2024-06-30
150158,IU HEALTH WEST HOSPITAL,IN,READM-30-AMI-HRRP,125,0.9692,12.456,12.8519,125,0.9692,14,,2021-07-01,2024-06-30
150158,IU HEALTH WEST HOSPITAL,IN,READM-30-CABG-HRRP,,,,,N/A,N/A,N/A,5,2021-07-01,2024-06-30
150158,IU HEALTH WEST HOSPITAL,IN,READM-30-COPD-HRRP,,0.9238,17.1698,18.5858,N/A,0.9238,Too Few to Report,,2021-07-01,2024-06-30
150158,IU HEALTH WEST HOSPITAL,IN,READM-30-HF-HRRP,397,0.9542,19.751,20.6985,397,0.9542,75,,2021-07-01,2024-06-30
150158,IU HEALTH WEST HOSPITAL,IN,READM-30-HIP-KNEE-HRRP,,1.2676,8.4248,6.6464,N/A,1.2676,Too Few to Report,,2021-07-01,2024-06-30
150158,IU HEALTH WEST HOSPITAL,IN,READM-30-PN-HRRP,432,0.9718,16.6495,17.132,432,0.9718,70,,2021-07-01,2024-06-30
150001,JOHNSON MEMORIAL HOSPITAL,IN,READM-30-AMI-HRRP,,,,,N/A,N/A,N/A,1,2021-07-01,2024-06-30
150001,JOHNSON MEMORIAL HOSPITAL,IN,READM-30-CABG-HRRP,,,,,N/A,N/A,N/A,5,2021-07-01,2024-06-30
150001,JOHNSON MEMORIAL HOSPITAL,IN,READM-30-COPD-HRRP,,0.9657,13.3121,13.7844,N/A,0.9657,Too Few to Report,,2021-07-01,2024-06-30
150001,JOHNSON MEMORIAL HOSPITAL,IN,READM-30-HF-HRRP,128,1.0198,16.8929,16.5653,128,1.0198,23,,2021-07-01,2024-06-30
150001,JOHNSON MEMORIAL HOSPITAL,IN,READM-30-HIP-KNEE-HRRP,,,,,N/A,N/A,N/A,1,2021-07-01,2024-06-30
150001,JOHNSON MEMORIAL HOSPITAL,IN,READM-30-PN-HRRP,112,0.9567,12.3269,12.8843,112,0.9567,11,,2021-07-01,2024-06-30
150133,KOSCIUSKO COMMUNITY HOSPITAL,IN,READM-30-AMI-HRRP,,,,,N/A,N/A,N/A,1,2021-07-01,2024-06-30
150133,KOSCIUSKO COMMUNITY HOSPITAL,IN,READM-30-CABG-HRRP,,,,,N/A,N/A,N/A,5,2021-07-01,2024-06-30
150133,KOSCIUSKO COMMUNITY HOSPITAL,IN,READM-30-COPD-HRRP,57,1.0364,16.5985,16.016,57,1.0364,12,,2021-07-01,2024-06-30
150133,KOSCIUSKO COMMUNITY HOSPITAL,IN,READM-30-HF-HRRP,126,0.9674,18.5439,19.1683,126,0.9674,21,,2021-07-01,2024-06-30
150133,KOSCIUSKO COMMUNITY HOSPITAL,IN,READM-30-HIP-KNEE-HRRP,,,,,N/A,N/A,N/A,1,2021-07-01,2024-06-30
150133,KOSCIUSKO COMMUNITY HOSPITAL,IN,READM-30-PN-HRRP,191,1.032,16.1738,15.6722,191,1.0320,33,,2021-07-01,2024-06-30
150017,LUTHERAN HOSPITAL OF INDIANA,IN,READM-30-AMI-HRRP,260,0.9524,11.7047,12.2892,260,0.9524,28,,2021-07-01,2024-06-30
150017,LUTHERAN HOSPITAL OF INDIANA,IN,READM-30-CABG-HRRP,,1.0566,10.7278,10.1533,N/A,1.0566,Too Few to Report,,2021-07-01,2024-06-30
150017,LUTHERAN HOSPITAL OF INDIANA,IN,READM-30-COPD-HRRP,121,0.9799,18.602,18.9828,121,0.9799,21,,2021-07-01,2024-06-30
150017,LUTHERAN HOSPITAL OF INDIANA,IN,READM-30-HF-HRRP,531,0.9957,20.7755,20.8654,531,0.9957,110,,2021-07-01,2024-06-30
150017,LUTHERAN HOSPITAL OF INDIANA,IN,READM-30-HIP-KNEE-HRRP,,,,,N/A,N/A,N/A,1,2021-07-01,2024-06-30
150017,LUTHERAN HOSPITAL OF INDIANA,IN,READM-30-PN-HRRP,407,0.9789,17.0672,17.4352,407,0.9789,68,,2021-07-01,2024-06-30
150097,MAJOR HOSPITAL,IN,READM-30-AMI-HRRP,,,,,N/A,N/A,N/A,1,2021-07-01,2024-06-30
150097,MAJOR HOSPITAL,IN,READM-30-CABG-HRRP,,,,,N/A,N/A,N/A,5,2021-07-01,2024-06-30
150097,MAJOR HOSPITAL,IN,READM-30-COPD-HRRP,78,1.0301,20.1877,19.5973,78,1.0301,18,,2021-07-01,2024-06-30
150097,MAJOR HOSPITAL,IN,READM-30-HF-HRRP,103,1.0276,22.2847,21.6857,103,1.0276,25,,2021-07-01,2024-06-30
150097,MAJOR HOSPITAL,IN,READM-30-HIP-KNEE-HRRP,,,,,N/A,N/A,N/A,1,2021-07-01,2024-06-30
150097,MAJOR HOSPITAL,IN,READM-30-PN-HRRP,156,0.9884,15.886,16.0722,156,0.9884,24,,2021-07-01,2024-06-30
150011,MARION GENERAL HOSPITAL,IN,READM-30-AMI-HRRP,,0.9974,13.5119,13.5472,N/A,0.9974,Too Few to Report,,2021-07-01,2024-06-30
150011,MARION GENERAL HOSPITAL,IN,READM-30-CABG-HRRP,,,,,N/A,N/A,N/A,5,2021-07-01,2024-06-30
150011,MARION GENERAL HOSPITAL,IN,READM-30-COPD-HRRP,101,1.0828,18.9573,17.507,101,1.0828,25,,2021-07-01,2024-06-30
150011,MARION GENERAL HOSPITAL,IN,READM-30-HF-HRRP,231,1.0166,18.54,18.2375,231,1.0166,44,,2021-07-01,2024-06-30
150011,MARION GENERAL HOSPITAL,IN,READM-30-HIP-KNEE-HRRP,,,,,N/A,N/A,N/A,1,2021-07-01,2024-06-30
150011,MARION GENERAL HOSPITAL,IN,READM-30-PN-HRRP,203,0.9198,13.0093,14.1433,203,0.9198,21,,2021-07-01,2024-06-30
150072,MEMORIAL HOSPITAL,IN,READM-30-AMI-HRRP,,,,,N/A,N/A,N/A,1,2021-07-01,2024-06-30
150072,MEMORIAL HOSPITAL,IN,READM-30-CABG-HRRP,,,,,N/A,N/A,N/A,5,2021-07-01,2024-06-30
150072,MEMORIAL HOSPITAL,IN,READM-30-COPD-HRRP,,0.9863,15.5474,15.7636,N/A,0.9863,Too Few to Report,,2021-07-01,2024-06-30
150072,MEMORIAL HOSPITAL,IN,READM-30-HF-HRRP,,0.9023,16.5089,18.2965,N/A,0.9023,Too Few to Report,,2021-07-01,2024-06-30
150072,MEMORIAL HOSPITAL,IN,READM-30-HIP-KNEE-HRRP,,,,,N/A,N/A,N/A,1,2021-07-01,2024-06-30
150072,MEMORIAL HOSPITAL,IN,READM-30-PN-HRRP,,0.9394,13.5672,14.4419,N/A,0.9394,Too Few to Report,,2021-07-01,2024-06-30
150115,MEMORIAL HOSPITAL AND HEALTH CARE CENTER,IN,READM-30-AMI-HRRP,152,1.0006,10.5076,10.5015,152,1.0006,16,,2021-07-01,2024-06-30
150115,MEMORIAL HOSPITAL AND HEALTH CARE CENTER,IN,READM-30-CABG-HRRP,,,,,N/A,N/A,N/A,5,2021-07-01,2024-06-30
150115,MEMORIAL HOSPITAL AND HEALTH CARE CENTER,IN,READM-30-COPD-HRRP,80,0.9862,14.9788,15.189,80,0.9862,11,,2021-07-01,2024-06-30
150115,MEMORIAL HOSPITAL AND HEALTH CARE CENTER,IN,READM-30-HF-HRRP,347,0.9451,16.1177,17.0539,347,0.9451,52,,2021-07-01,2024-06-30
150115,MEMORIAL HOSPITAL AND HEALTH CARE CENTER,IN,READM-30-HIP-KNEE-HRRP,,0.7529,3.684,4.8929,N/A,0.7529,Too Few to Report,,2021-07-01,2024-06-30
150115,MEMORIAL HOSPITAL AND HEALTH CARE CENTER,IN,READM-30-PN-HRRP,308,0.9601,13.1946,13.7434,308,0.9601,38,,2021-07-01,2024-06-30
150058,MEMORIAL HOSPITAL OF SOUTH BEND,IN,READM-30-AMI-HRRP,196,0.8639,10.2959,11.9173,196,0.8639,13,,2021-07-01,2024-06-30
150058,MEMORIAL HOSPITAL OF SOUTH BEND,IN,READM-30-CABG-HRRP,,0.9573,8.7129,9.1019,N/A,0.9573,Too Few to Report,,2021-07-01,2024-06-30
150058,MEMORIAL HOSPITAL OF SOUTH BEND,IN,READM-30-COPD-HRRP,206,1.103,19.2929,17.4907,206,1.1030,47,,2021-07-01,2024-06-30
150058,MEMORIAL HOSPITAL OF SOUTH BEND,IN,READM-30-HF-HRRP,410,0.9831,17.366,17.6646,410,0.9831,70,,2021-07-01,2024-06-30
150058,MEMORIAL HOSPITAL OF SOUTH BEND,IN,READM-30-HIP-KNEE-HRRP,,0.9672,5.2976,5.4771,N/A,0.9672,Too Few to Report,,2021-07-01,2024-06-30
150058,MEMORIAL HOSPITAL OF SOUTH BEND,IN,READM-30-PN-HRRP,372,0.9749,14.6984,15.077,372,0.9749,53,,2021-07-01,2024-06-30
150002,METHODIST HOSPITALS INC,IN,READM-30-AMI-HRRP,93,1.1299,17.7543,15.7137,93,1.1299,23,,2021-07-01,2024-06-30
150002,METHODIST HOSPITALS INC,IN,READM-30-CABG-HRRP,,,,,N/A,N/A,N/A,1,2021-07-01,2024-06-30
150002,METHODIST HOSPITALS INC,IN,READM-30-COPD-HRRP,145,1.0492,18.9183,18.0313,145,1.0492,31,,2021-07-01,2024-06-30
150002,METHODIST HOSPITALS INC,IN,READM-30-HF-HRRP,402,1.1072,22.2562,20.1014,402,1.1072,97,,2021-07-01,2024-06-30
150002,METHODIST HOSPITALS INC,IN,READM-30-HIP-KNEE-HRRP,,,,,N/A,N/A,N/A,1,2021-07-01,2024-06-30
150002,METHODIST HOSPITALS INC,IN,READM-30-PN-HRRP,303,1.0551,18.2588,17.3054,303,1.0551,59,,2021-07-01,2024-06-30
150183,MONROE HOSPITAL,IN,READM-30-AMI-HRRP,,,,,N/A,N/A,N/A,1,2021-07-01,2024-06-30
150183,MONROE HOSPITAL,IN,READM-30-CABG-HRRP,,,,,N/A,N/A,N/A,5,2021-07-01,2024-06-30
150183,MONROE HOSPITAL,IN,READM-30-COPD-HRRP,,0.9734,12.4162,12.7558,N/A,0.9734,Too Few to Report,,2021-07-01,2024-06-30
150183,MONROE HOSPITAL,IN,READM-30-HF-HRRP,79,0.9778,17.186,17.5763,79,0.9778,12,,2021-07-01,2024-06-30
150183,MONROE HOSPITAL,IN,READM-30-HIP-KNEE-HRRP,,,,,N/A,N/A,N/A,1,2021-07-01,2024-06-30
150183,MONROE HOSPITAL,IN,READM-30-PN-HRRP,127,0.9826,12.6919,12.9167,127,0.9826,15,,2021-07-01,2024-06-30
150035,NORTHWEST HEALTH - PORTER,IN,READM-30-AMI-HRRP,231,0.9759,13.9677,14.3121,231,0.9759,31,,2021-07-01,2024-06-30
150035,NORTHWEST HEALTH - PORTER,IN,READM-30-CABG-HRRP,,0.9531,9.8675,10.3529,N/A,0.9531,Too Few to Report,,2021-07-01,2024-06-30
150035,NORTHWEST HEALTH - PORTER,IN,READM-30-COPD-HRRP,213,0.9885,17.2972,17.4984,213,0.9885,36,,2021-07-01,2024-06-30
150035,NORTHWEST HEALTH - PORTER,IN,READM-30-HF-HRRP,611,1.0894,22.5248,20.6764,611,1.0894,144,,2021-07-01,2024-06-30
150035,NORTHWEST HEALTH - PORTER,IN,READM-30-HIP-KNEE-HRRP,,1.209,7.1595,5.9218,N/A,1.2090,Too Few to Report,,2021-07-01,2024-06-30
150035,NORTHWEST HEALTH - PORTER,IN,READM-30-PN-HRRP,614,0.9653,15.8584,16.4282,614,0.9653,95,,2021-07-01,2024-06-30
150102,NORTHWEST HEALTH - STARKE,IN,READM-30-AMI-HRRP,,,,,N/A,N/A,N/A,1,2021-07-01,2024-06-30
150102,NORTHWEST HEALTH - STARKE,IN,READM-30-CABG-HRRP,,,,,N/A,N/A,N/A,5,2021-07-01,2024-06-30
150102,NORTHWEST HEALTH - STARKE,IN,READM-30-COPD-HRRP,,1.0181,13.073,12.8411,N/A,1.0181,Too Few to Report,,2021-07-01,2024-06-30
150102,NORTHWEST HEALTH - STARKE,IN,READM-30-HF-HRRP,31,1.0533,22.7293,21.5798,31,1.0533,11,,2021-07-01,2024-06-30
150102,NORTHWEST HEALTH - STARKE,IN,READM-30-HIP-KNEE-HRRP,,,,,N/A,N/A,N/A,5,2021-07-01,2024-06-30
150102,NORTHWEST HEALTH - STARKE,IN,READM-30-PN-HRRP,,1.0481,15.8003,15.0751,N/A,1.0481,Too Few to Report,,2021-07-01,2024-06-30
150006,NORTHWEST HEALTH-LA PORTE,IN,READM-30-AMI-HRRP,,0.9965,13.2177,13.2638,N/A,0.9965,Too Few to Report,,2021-07-01,2024-06-30
150006,NORTHWEST HEALTH-LA PORTE,IN,READM-30-CABG-HRRP,,,,,N/A,N/A,N/A,5,2021-07-01,2024-06-30
150006,NORTHWEST HEALTH-LA PORTE,IN,READM-30-COPD-HRRP,114,1.0419,19.2673,18.4933,114,1.0419,25,,2021-07-01,2024-06-30
150006,NORTHWEST HEALTH-LA PORTE,IN,READM-30-HF-HRRP,248,1.0631,20.3905,19.1809,248,1.0631,55,,2021-07-01,2024-06-30
150006,NORTHWEST HEALTH-LA PORTE,IN,READM-30-HIP-KNEE-HRRP,,,,,N/A,N/A,N/A,1,2021-07-01,2024-06-30
150006,NORTHWEST HEALTH-LA PORTE,IN,READM-30-PN-HRRP,312,1.1262,17.623,15.648,312,1.1262,63,,2021-07-01,2024-06-30
150009,NORTON CLARK HOSPITAL,IN,READM-30-AMI-HRRP,108,0.9889,12.5579,12.6986,108,0.9889,13,,2021-07-01,2024-06-30
150009,NORTON CLARK HOSPITAL,IN,READM-30-CABG-HRRP,,,,,N/A,N/A,N/A,5,2021-07-01,2024-06-30
150009,NORTON CLARK HOSPITAL,IN,READM-30-COPD-HRRP,141,1.0199,20.905,20.4976,141,1.0199,31,,2021-07-01,2024-06-30
150009,NORTON CLARK HOSPITAL,IN,READM-30-HF-HRRP,298,0.9734,19.1083,19.6298,298,0.9734,55,,2021-07-01,2024-06-30
150009,NORTON CLARK HOSPITAL,IN,READM-30-HIP-KNEE-HRRP,,,,,N/A,N/A,N/A,1,2021-07-01,2024-06-30
150009,NORTON CLARK HOSPITAL,IN,READM-30-PN-HRRP,392,0.8958,14.3499,16.0185,392,0.8958,49,,2021-07-01,2024-06-30
150069,NORTON-KING'S DAUGHTERS' HEALTH,IN,READM-30-AMI-HRRP,,,,,N/A,N/A,N/A,1,2021-07-01,2024-06-30
150069,NORTON-KING'S DAUGHTERS' HEALTH,IN,READM-30-CABG-HRRP,,,,,N/A,N/A,N/A,5,2021-07-01,2024-06-30
150069,NORTON-KING'S DAUGHTERS' HEALTH,IN,READM-30-COPD-HRRP,72,1.0192,16.1657,15.8611,72,1.0192,13,29,2021-07-01,2024-06-30
150069,NORTON-KING'S DAUGHTERS' HEALTH,IN,READM-30-HF-HRRP,115,1.0175,18.922,18.5971,115,1.0175,23,29,2021-07-01,2024-06-30
150069,NORTON-KING'S DAUGHTERS' HEALTH,IN,READM-30-HIP-KNEE-HRRP,,,,,N/A,N/A,N/A,1,2021-07-01,2024-06-30
150069,NORTON-KING'S DAUGHTERS' HEALTH,IN,READM-30-PN-HRRP,179,0.9427,13.3083,14.1169,179,0.9427,20,29,2021-07-01,2024-06-30
150160,ORTHOINDY HOSPITAL,IN,READM-30-AMI-HRRP,,,,,N/A,N/A,N/A,5,2021-07-01,2024-06-30
150160,ORTHOINDY HOSPITAL,IN,READM-30-CABG-HRRP,,,,,N/A,N/A,N/A,5,2021-07-01,2024-06-30
150160,ORTHOINDY HOSPITAL,IN,READM-30-COPD-HRRP,,,,,N/A,N/A,N/A,5,2021-07-01,2024-06-30
150160,ORTHOINDY HOSPITAL,IN,READM-30-HF-HRRP,,,,,N/A,N/A,N/A,5,2021-07-01,2024-06-30
150160,ORTHOINDY HOSPITAL,IN,READM-30-HIP-KNEE-HRRP,578,0.6642,3.0393,4.576,578,0.6642,13,,2021-07-01,2024-06-30
150160,ORTHOINDY HOSPITAL,IN,READM-30-PN-HRRP,,,,,N/A,N/A,N/A,5,2021-07-01,2024-06-30
150167,ORTHOPAEDIC HOSPITAL AT PARKVIEW NORTH,IN,READM-30-AMI-HRRP,,,,,N/A,N/A,N/A,5,2021-07-01,2024-06-30
150167,ORTHOPAEDIC HOSPITAL AT PARKVIEW NORTH,IN,READM-30-CABG-HRRP,,,,,N/A,N/A,N/A,5,2021-07-01,2024-06-30
150167,ORTHOPAEDIC HOSPITAL AT PARKVIEW NORTH,IN,READM-30-COPD-HRRP,,,,,N/A,N/A,N/A,5,2021-07-01,2024-06-30
150167,ORTHOPAEDIC HOSPITAL AT PARKVIEW NORTH,IN,READM-30-HF-HRRP,,,,,N/A,N/A,N/A,5,2021-07-01,2024-06-30
150167,ORTHOPAEDIC HOSPITAL AT PARKVIEW NORTH,IN,READM-30-HIP-KNEE-HRRP,,,,,N/A,N/A,N/A,1,2021-07-01,2024-06-30
150167,ORTHOPAEDIC HOSPITAL AT PARKVIEW NORTH,IN,READM-30-PN-HRRP,,,,,N/A,N/A,N/A,5,2021-07-01,2024-06-30
150045,PARKVIEW DEKALB HOSPITAL,IN,READM-30-AMI-HRRP,,,,,N/A,N/A,N/A,1,2021-07-01,2024-06-30
150045,PARKVIEW DEKALB HOSPITAL,IN,READM-30-CABG-HRRP,,,,,N/A,N/A,N/A,5,2021-07-01,2024-06-30
150045,PARKVIEW DEKALB HOSPITAL,IN,READM-30-COPD-HRRP,,1.0437,15.7846,15.1239,N/A,1.0437,Too Few to Report,,2021-07-01,2024-06-30
150045,PARKVIEW DEKALB HOSPITAL,IN,READM-30-HF-HRRP,62,1.0469,18.9395,18.0916,62,1.0469,15,,2021-07-01,2024-06-30
150045,PARKVIEW DEKALB HOSPITAL,IN,READM-30-HIP-KNEE-HRRP,,,,,N/A,N/A,N/A,1,2021-07-01,2024-06-30
150045,PARKVIEW DEKALB HOSPITAL,IN,READM-30-PN-HRRP,,1.0042,13.8993,13.8412,N/A,1.0042,Too Few to Report,,2021-07-01,2024-06-30
150091,PARKVIEW HUNTINGTON HOSPITAL,IN,READM-30-AMI-HRRP,,,,,N/A,N/A,N/A,1,2021-07-01,2024-06-30
150091,PARKVIEW HUNTINGTON HOSPITAL,IN,READM-30-CABG-HRRP,,,,,N/A,N/A,N/A,5,2021-07-01,2024-06-30
150091,PARKVIEW HUNTINGTON HOSPITAL,IN,READM-30-COPD-HRRP,,0.9908,15.5075,15.6519,N/A,0.9908,Too Few to Report,,2021-07-01,2024-06-30
150091,PARKVIEW HUNTINGTON HOSPITAL,IN,READM-30-HF-HRRP,,0.9304,18.0558,19.4059,N/A,0.9304,Too Few to Report,,2021-07-01,2024-06-30
150091,PARKVIEW HUNTINGTON HOSPITAL,IN,READM-30-HIP-KNEE-HRRP,,,,,N/A,N/A,N/A,1,2021-07-01,2024-06-30
150091,PARKVIEW HUNTINGTON HOSPITAL,IN,READM-30-PN-HRRP,73,1.1131,15.0983,13.5638,73,1.1131,18,,2021-07-01,2024-06-30
150146,PARKVIEW NOBLE HOSPITAL,IN,READM-30-AMI-HRRP,,,,,N/A,N/A,N/A,1,2021-07-01,2024-06-30
150146,PARKVIEW NOBLE HOSPITAL,IN,READM-30-CABG-HRRP,,,,,N/A,N/A,N/A,5,2021-07-01,2024-06-30
150146,PARKVIEW NOBLE HOSPITAL,IN,READM-30-COPD-HRRP,,0.981,18.777,19.141,N/A,0.9810,Too Few to Report,,2021-07-01,2024-06-30
150146,PARKVIEW NOBLE HOSPITAL,IN,READM-30-HF-HRRP,87,1.012,18.5588,18.3378,87,1.0120,17,,2021-07-01,2024-06-30
150146,PARKVIEW NOBLE HOSPITAL,IN,READM-30-HIP-KNEE-HRRP,,,,,N/A,N/A,N/A,1,2021-07-01,2024-06-30
150146,PARKVIEW NOBLE HOSPITAL,IN,READM-30-PN-HRRP,83,1.0843,16.3397,15.069,83,1.0843,19,,2021-07-01,2024-06-30
150021,PARKVIEW REGIONAL MEDICAL CENTER,IN,READM-30-AMI-HRRP,516,0.9443,10.8194,11.4573,516,0.9443,53,,2021-07-01,2024-06-30
150021,PARKVIEW REGIONAL MEDICAL CENTER,IN,READM-30-CABG-HRRP,129,1.0355,10.1535,9.8053,129,1.0355,14,,2021-07-01,2024-06-30
150021,PARKVIEW REGIONAL MEDICAL CENTER,IN,READM-30-COPD-HRRP,247,1.0904,19.6502,18.0214,247,1.0904,55,,2021-07-01,2024-06-30
150021,PARKVIEW REGIONAL MEDICAL CENTER,IN,READM-30-HF-HRRP,727,1.0275,20.4967,19.9475,727,1.0275,151,,2021-07-01,2024-06-30
150021,PARKVIEW REGIONAL MEDICAL CENTER,IN,READM-30-HIP-KNEE-HRRP,,,,,N/A,N/A,N/A,1,2021-07-01,2024-06-30
150021,PARKVIEW REGIONAL MEDICAL CENTER,IN,READM-30-PN-HRRP,796,0.8655,13.6322,15.7508,796,0.8655,99,,2021-07-01,2024-06-30
150101,PARKVIEW WHITLEY HOSPITAL,IN,READM-30-AMI-HRRP,,,,,N/A,N/A,N/A,1,2021-07-01,2024-06-30
150101,PARKVIEW WHITLEY HOSPITAL,IN,READM-30-CABG-HRRP,,,,,N/A,N/A,N/A,5,2021-07-01,2024-06-30
150101,PARKVIEW WHITLEY HOSPITAL,IN,READM-30-COPD-HRRP,,,,,N/A,N/A,N/A,1,2021-07-01,2024-06-30
150101,PARKVIEW WHITLEY HOSPITAL,IN,READM-30-HF-HRRP,80,1.0002,17.4837,17.4805,80,1.0002,14,,2021-07-01,2024-06-30
150101,PARKVIEW WHITLEY HOSPITAL,IN,READM-30-HIP-KNEE-HRRP,0,,,,0,N/A,N/A,7,2021-07-01,2024-06-30
150101,PARKVIEW WHITLEY HOSPITAL,IN,READM-30-PN-HRRP,,0.9125,12.3546,13.5394,N/A,0.9125,Too Few to Report,,2021-07-01,2024-06-30
150172,PHYSICIANS' MEDICAL CENTER LLC,IN,READM-30-AMI-HRRP,,,,,N/A,N/A,N/A,5,2021-07-01,2024-06-30
150172,PHYSICIANS' MEDICAL CENTER LLC,IN,READM-30-CABG-HRRP,,,,,N/A,N/A,N/A,5,2021-07-01,2024-06-30
150172,PHYSICIANS' MEDICAL CENTER LLC,IN,READM-30-COPD-HRRP,0,,,,0,N/A,N/A,7,2021-07-01,2024-06-30
150172,PHYSICIANS' MEDICAL CENTER LLC,IN,READM-30-HF-HRRP,,,,,N/A,N/A,N/A,5,2021-07-01,2024-06-30
150172,PHYSICIANS' MEDICAL CENTER LLC,IN,READM-30-HIP-KNEE-HRRP,,,,,N/A,N/A,N/A,1,2021-07-01,2024-06-30
150172,PHYSICIANS' MEDICAL CENTER LLC,IN,READM-30-PN-HRRP,,,,,N/A,N/A,N/A,5,2021-07-01,2024-06-30
150166,PINNACLE HOSPITAL,IN,READM-30-AMI-HRRP,,,,,N/A,N/A,N/A,5,2021-07-01,2024-06-30
150166,PINNACLE HOSPITAL,IN,READM-30-CABG-HRRP,,,,,N/A,N/A,N/A,5,2021-07-01,2024-06-30
150166,PINNACLE HOSPITAL,IN,READM-30-COPD-HRRP,,,,,N/A,N/A,N/A,1,2021-07-01,2024-06-30
150166,PINNACLE HOSPITAL,IN,READM-30-HF-HRRP,,,,,N/A,N/A,N/A,1,2021-07-01,2024-06-30
150166,PINNACLE HOSPITAL,IN,READM-30-HIP-KNEE-HRRP,,0.8787,3.6047,4.1021,N/A,0.8787,Too Few to Report,,2021-07-01,2024-06-30
150166,PINNACLE HOSPITAL,IN,READM-30-PN-HRRP,,,,,N/A,N/A,N/A,1,2021-07-01,2024-06-30
150048,REID HEALTH,IN,READM-30-AMI-HRRP,245,1.0561,14.365,13.6017,245,1.0561,38,,2021-07-01,2024-06-30
150048,REID HEALTH,IN,READM-30-CABG-HRRP,,0.9907,11.1362,11.2405,N/A,0.9907,Too Few to Report,,2021-07-01,2024-06-30
150048,REID HEALTH,IN,READM-30-COPD-HRRP,287,0.9879,18.0813,18.3026,287,0.9879,51,,2021-07-01,2024-06-30
150048,REID HEALTH,IN,READM-30-HF-HRRP,703,0.9389,19.7178,21.0008,703,0.9389,134,,2021-07-01,2024-06-30
150048,REID HEALTH,IN,READM-30-HIP-KNEE-HRRP,,1.2592,10.4707,8.3153,N/A,1.2592,Too Few to Report,,2021-07-01,2024-06-30
150048,REID HEALTH,IN,READM-30-PN-HRRP,651,1.0584,17.0754,16.1339,651,1.0584,115,,2021-07-01,2024-06-30
150059,RIVERVIEW HEALTH,IN,READM-30-AMI-HRRP,,0.9556,13.1044,13.7138,N/A,0.9556,Too Few to Report,,2021-07-01,2024-06-30
150059,RIVERVIEW HEALTH,IN,READM-30-CABG-HRRP,,,,,N/A,N/A,N/A,5,2021-07-01,2024-06-30
150059,RIVERVIEW HEALTH,IN,READM-30-COPD-HRRP,109,1.0429,18.2646,17.5125,109,1.0429,23,,2021-07-01,2024-06-30
150059,RIVERVIEW HEALTH,IN,READM-30-HF-HRRP,133,0.9336,17.1763,18.3983,133,0.9336,18,,2021-07-01,2024-06-30
150059,RIVERVIEW HEALTH,IN,READM-30-HIP-KNEE-HRRP,,,,,N/A,N/A,N/A,1,2021-07-01,2024-06-30
150059,RIVERVIEW HEALTH,IN,READM-30-PN-HRRP,200,1.0469,14.9945,14.3224,200,1.0469,33,,2021-07-01,2024-06-30
150012,SAINT JOSEPH REGIONAL MEDICAL CENTER,IN,READM-30-AMI-HRRP,136,0.9846,12.3388,12.5322,136,0.9846,16,,2021-07-01,2024-06-30
150012,SAINT JOSEPH REGIONAL MEDICAL CENTER,IN,READM-30-CABG-HRRP,,,,,N/A,N/A,N/A,1,2021-07-01,2024-06-30
150012,SAINT JOSEPH REGIONAL MEDICAL CENTER,IN,READM-30-COPD-HRRP,167,0.9533,16.4459,17.2516,167,0.9533,24,,2021-07-01,2024-06-30
150012,SAINT JOSEPH REGIONAL MEDICAL CENTER,IN,READM-30-HF-HRRP,458,1.0549,19.6848,18.6608,458,1.0549,94,,2021-07-01,2024-06-30
150012,SAINT JOSEPH REGIONAL MEDICAL CENTER,IN,READM-30-HIP-KNEE-HRRP,,1.033,6.588,6.3777,N/A,1.0330,Too Few to Report,,2021-07-01,2024-06-30
150012,SAINT JOSEPH REGIONAL MEDICAL CENTER,IN,READM-30-PN-HRRP,375,0.9803,14.7492,15.0453,375,0.9803,54,,2021-07-01,2024-06-30
150076,SAINT JOSEPH REGIONAL MEDICAL CENTER - PLYMOUTH,IN,READM-30-AMI-HRRP,,,,,N/A,N/A,N/A,1,2021-07-01,2024-06-30
150076,SAINT JOSEPH REGIONAL MEDICAL CENTER - PLYMOUTH,IN,READM-30-CABG-HRRP,,,,,N/A,N/A,N/A,5,2021-07-01,2024-06-30
150076,SAINT JOSEPH REGIONAL MEDICAL CENTER - PLYMOUTH,IN,READM-30-COPD-HRRP,,1.0022,16.7049,16.6688,N/A,1.0022,Too Few to Report,,2021-07-01,2024-06-30
150076,SAINT JOSEPH REGIONAL MEDICAL CENTER - PLYMOUTH,IN,READM-30-HF-HRRP,127,0.9454,17.2896,18.2874,127,0.9454,18,,2021-07-01,2024-06-30
150076,SAINT JOSEPH REGIONAL MEDICAL CENTER - PLYMOUTH,IN,READM-30-HIP-KNEE-HRRP,,,,,N/A,N/A,N/A,5,2021-07-01,2024-06-30
150076,SAINT JOSEPH REGIONAL MEDICAL CENTER - PLYMOUTH,IN,READM-30-PN-HRRP,,0.9345,13.4456,14.3881,N/A,0.9345,Too Few to Report,,2021-07-01,2024-06-30
150065,SCHNECK MEDICAL CENTER,IN,READM-30-AMI-HRRP,,,,,N/A,N/A,N/A,1,2021-07-01,2024-06-30
150065,SCHNECK MEDICAL CENTER,IN,READM-30-CABG-HRRP,,,,,N/A,N/A,N/A,5,2021-07-01,2024-06-30
150065,SCHNECK MEDICAL CENTER,IN,READM-30-COPD-HRRP,,0.9588,15.533,16.2005,N/A,0.9588,Too Few to Report,,2021-07-01,2024-06-30
150065,SCHNECK MEDICAL CENTER,IN,READM-30-HF-HRRP,,0.9139,16.6644,18.2352,N/A,0.9139,Too Few to Report,,2021-07-01,2024-06-30
150065,SCHNECK MEDICAL CENTER,IN,READM-30-HIP-KNEE-HRRP,,,,,N/A,N/A,N/A,1,2021-07-01,2024-06-30
150065,SCHNECK MEDICAL CENTER,IN,READM-30-PN-HRRP,,0.916,13.3028,14.5232,N/A,0.9160,Too Few to Report,,2021-07-01,2024-06-30
150008,ST CATHERINE HOSPITAL INC,IN,READM-30-AMI-HRRP,,,,,N/A,N/A,N/A,1,2021-07-01,2024-06-30
150008,ST CATHERINE HOSPITAL INC,IN,READM-30-CABG-HRRP,,,,,N/A,N/A,N/A,1,2021-07-01,2024-06-30
150008,ST CATHERINE HOSPITAL INC,IN,READM-30-COPD-HRRP,65,1.0845,21.2983,19.6384,65,1.0845,20,,2021-07-01,2024-06-30
150008,ST CATHERINE HOSPITAL INC,IN,READM-30-HF-HRRP,104,0.9617,21.0496,21.8872,104,0.9617,19,,2021-07-01,2024-06-30
150008,ST CATHERINE HOSPITAL INC,IN,READM-30-HIP-KNEE-HRRP,,,,,N/A,N/A,N/A,1,2021-07-01,2024-06-30
150008,ST CATHERINE HOSPITAL INC,IN,READM-30-PN-HRRP,117,0.974,17.7839,18.2592,117,0.9740,19,,2021-07-01,2024-06-30
150086,ST ELIZABETH DEARBORN HOSPITAL,IN,READM-30-AMI-HRRP,,,,,N/A,N/A,N/A,1,2021-07-01,2024-06-30
150086,ST ELIZABETH DEARBORN HOSPITAL,IN,READM-30-CABG-HRRP,0,,,,0,N/A,N/A,7,2021-07-01,2024-06-30
150086,ST ELIZABETH DEARBORN HOSPITAL,IN,READM-30-COPD-HRRP,99,1.0501,21.4069,20.3847,99,1.0501,25,,2021-07-01,2024-06-30
150086,ST ELIZABETH DEARBORN HOSPITAL,IN,READM-30-HF-HRRP,143,1.0142,20.9531,20.6592,143,1.0142,31,,2021-07-01,2024-06-30
150086,ST ELIZABETH DEARBORN HOSPITAL,IN,READM-30-HIP-KNEE-HRRP,,0.9039,5.5824,6.176,N/A,0.9039,Too Few to Report,,2021-07-01,2024-06-30
150086,ST ELIZABETH DEARBORN HOSPITAL,IN,READM-30-PN-HRRP,183,0.9964,16.5286,16.5886,183,0.9964,30,,2021-07-01,2024-06-30
150047,"ST JOSEPH HEALTH SYSTEM, LLC",IN,READM-30-AMI-HRRP,,,,,N/A,N/A,N/A,1,2021-07-01,2024-06-30
150047,"ST JOSEPH HEALTH SYSTEM, LLC",IN,READM-30-CABG-HRRP,,,,,N/A,N/A,N/A,5,2021-07-01,2024-06-30
150047,"ST JOSEPH HEALTH SYSTEM, LLC",IN,READM-30-COPD-HRRP,,,,,N/A,N/A,N/A,1,2021-07-01,2024-06-30
150047,"ST JOSEPH HEALTH SYSTEM, LLC",IN,READM-30-HF-HRRP,,0.9949,17.4248,17.5133,N/A,0.9949,Too Few to Report,,2021-07-01,2024-06-30
150047,"ST JOSEPH HEALTH SYSTEM, LLC",IN,READM-30-HIP-KNEE-HRRP,,,,,N/A,N/A,N/A,5,2021-07-01,2024-06-30
150047,"ST JOSEPH HEALTH SYSTEM, LLC",IN,READM-30-PN-HRRP,,1.0084,15.7301,15.5992,N/A,1.0084,Too Few to Report,,2021-07-01,2024-06-30
150034,ST MARY MEDICAL CENTER INC,IN,READM-30-AMI-HRRP,112,1.0022,13.2914,13.2617,112,1.0022,15,,2021-07-01,2024-06-30
150034,ST MARY MEDICAL CENTER INC,IN,READM-30-CABG-HRRP,61,1.18,14.04,11.8987,61,1.1800,13,,2021-07-01,2024-06-30
150034,ST MARY MEDICAL CENTER INC,IN,READM-30-COPD-HRRP,157,0.9909,17.6221,17.7843,157,0.9909,27,,2021-07-01,2024-06-30
150034,ST MARY MEDICAL CENTER INC,IN,READM-30-HF-HRRP,464,1.0165,21.0752,20.7325,464,1.0165,99,,2021-07-01,2024-06-30
150034,ST MARY MEDICAL CENTER INC,IN,READM-30-HIP-KNEE-HRRP,205,0.9452,5.6842,6.0136,205,0.9452,11,,2021-07-01,2024-06-30
150034,ST MARY MEDICAL CENTER INC,IN,READM-30-PN-HRRP,410,0.9439,15.084,15.9806,410,0.9439,58,,2021-07-01,2024-06-30
150153,ST VINCENT HEART CENTER,IN,READM-30-AMI-HRRP,454,0.8978,10.8614,12.0979,454,0.8978,44,29,2021-07-01,2024-06-30
150153,ST VINCENT HEART CENTER,IN,READM-30-CABG-HRRP,326,0.9241,9.5139,10.2957,326,0.9241,29,29,2021-07-01,2024-06-30
150153,ST VINCENT HEART CENTER,IN,READM-30-COPD-HRRP,,,,,N/A,N/A,N/A,1,2021-07-01,2024-06-30
150153,ST VINCENT HEART CENTER,IN,READM-30-HF-HRRP,329,0.9073,16.6748,18.3781,329,0.9073,48,29,2021-07-01,2024-06-30
150153,ST VINCENT HEART CENTER,IN,READM-30-HIP-KNEE-HRRP,,,,,N/A,N/A,N/A,5,2021-07-01,2024-06-30
150153,ST VINCENT HEART CENTER,IN,READM-30-PN-HRRP,,,,,N/A,N/A,N/A,1,2021-07-01,2024-06-30
150046,TERRE HAUTE REGIONAL HOSPITAL,IN,READM-30-AMI-HRRP,124,1.0374,13.8179,13.3201,124,1.0374,19,,2021-07-01,2024-06-30
150046,TERRE HAUTE REGIONAL HOSPITAL,IN,READM-30-CABG-HRRP,,1.0583,15.172,14.3358,N/A,1.0583,Too Few to Report,,2021-07-01,2024-06-30
150046,TERRE HAUTE REGIONAL HOSPITAL,IN,READM-30-COPD-HRRP,66,1.0787,17.5236,16.2457,66,1.0787,17,,2021-07-01,2024-06-30
150046,TERRE HAUTE REGIONAL HOSPITAL,IN,READM-30-HF-HRRP,172,1.087,21.9985,20.2384,172,1.0870,44,,2021-07-01,2024-06-30
150046,TERRE HAUTE REGIONAL HOSPITAL,IN,READM-30-HIP-KNEE-HRRP,,,,,N/A,N/A,N/A,1,2021-07-01,2024-06-30
150046,TERRE HAUTE REGIONAL HOSPITAL,IN,READM-30-PN-HRRP,219,1.074,18.3178,17.0557,219,1.0740,45,,2021-07-01,2024-06-30
150168,THE ORTHOPAEDIC HOSPITAL OF LUTHERAN HEALTH NETWOR,IN,READM-30-AMI-HRRP,,,,,N/A,N/A,N/A,5,2021-07-01,2024-06-30
150168,THE ORTHOPAEDIC HOSPITAL OF LUTHERAN HEALTH NETWOR,IN,READM-30-CABG-HRRP,,,,,N/A,N/A,N/A,5,2021-07-01,2024-06-30
150168,THE ORTHOPAEDIC HOSPITAL OF LUTHERAN HEALTH NETWOR,IN,READM-30-COPD-HRRP,,,,,N/A,N/A,N/A,5,2021-07-01,2024-06-30
150168,THE ORTHOPAEDIC HOSPITAL OF LUTHERAN HEALTH NETWOR,IN,READM-30-HF-HRRP,,,,,N/A,N/A,N/A,5,2021-07-01,2024-06-30
150168,THE ORTHOPAEDIC HOSPITAL OF LUTHERAN HEALTH NETWOR,IN,READM-30-HIP-KNEE-HRRP,,0.9093,5.855,6.4394,N/A,0.9093,Too Few to Report,,2021-07-01,2024-06-30
150168,THE ORTHOPAEDIC HOSPITAL OF LUTHERAN HEALTH NETWOR,IN,READM-30-PN-HRRP,,,,,N/A,N/A,N/A,5,2021-07-01,2024-06-30
150149,THE WOMEN'S HOSPITAL,IN,READM-30-AMI-HRRP,,,,,N/A,N/A,N/A,5,2021-07-01,2024-06-30
150149,THE WOMEN'S HOSPITAL,IN,READM-30-CABG-HRRP,,,,,N/A,N/A,N/A,5,2021-07-01,2024-06-30
150149,THE WOMEN'S HOSPITAL,IN,READM-30-COPD-HRRP,,,,,N/A,N/A,N/A,5,2021-07-01,2024-06-30
150149,THE WOMEN'S HOSPITAL,IN,READM-30-HF-HRRP,,,,,N/A,N/A,N/A,5,2021-07-01,2024-06-30
150149,THE WOMEN'S HOSPITAL,IN,READM-30-HIP-KNEE-HRRP,,,,,N/A,N/A,N/A,5,2021-07-01,2024-06-30
150149,THE WOMEN'S HOSPITAL,IN,READM-30-PN-HRRP,,,,,N/A,N/A,N/A,5,2021-07-01,2024-06-30
150195,UCHICAGO MEDICINE NORTHWEST INDIANA,IN,READM-30-AMI-HRRP,,,,,N/A,N/A,N/A,5,2021-07-01,2024-06-30
150195,UCHICAGO MEDICINE NORTHWEST INDIANA,IN,READM-30-CABG-HRRP,,,,,N/A,N/A,N/A,5,2021-07-01,2024-06-30
150195,UCHICAGO MEDICINE NORTHWEST INDIANA,IN,READM-30-COPD-HRRP,,,,,N/A,N/A,N/A,5,2021-07-01,2024-06-30
150195,UCHICAGO MEDICINE NORTHWEST INDIANA,IN,READM-30-HF-HRRP,,,,,N/A,N/A,N/A,5,2021-07-01,2024-06-30
150195,UCHICAGO MEDICINE NORTHWEST INDIANA,IN,READM-30-HIP-KNEE-HRRP,,,,,N/A,N/A,N/A,5,2021-07-01,2024-06-30
150195,UCHICAGO MEDICINE NORTHWEST INDIANA,IN,READM-30-PN-HRRP,,,,,N/A,N/A,N/A,5,2021-07-01,2024-06-30
150023,UNION HOSPITAL INC,IN,READM-30-AMI-HRRP,278,0.9261,13.6473,14.7363,278,0.9261,34,,2021-07-01,2024-06-30
150023,UNION HOSPITAL INC,IN,READM-30-CABG-HRRP,,0.9714,10.6463,10.9599,N/A,0.9714,Too Few to Report,,2021-07-01,2024-06-30
150023,UNION HOSPITAL INC,IN,READM-30-COPD-HRRP,199,0.9901,18.9679,19.1569,199,0.9901,37,,2021-07-01,2024-06-30
150023,UNION HOSPITAL INC,IN,READM-30-HF-HRRP,803,1.1008,23.3843,21.2427,803,1.1008,195,,2021-07-01,2024-06-30
150023,UNION HOSPITAL INC,IN,READM-30-HIP-KNEE-HRRP,,1.3349,9.5595,7.1612,N/A,1.3349,Too Few to Report,,2021-07-01,2024-06-30
150023,UNION HOSPITAL INC,IN,READM-30-PN-HRRP,934,1.0877,18.6535,17.1497,934,1.0877,180,,2021-07-01,2024-06-30
150177,UNITY PHYSICIANS HOSPITAL,IN,READM-30-AMI-HRRP,,,,,N/A,N/A,N/A,5,2021-07-01,2024-06-30
150177,UNITY PHYSICIANS HOSPITAL,IN,READM-30-CABG-HRRP,,,,,N/A,N/A,N/A,5,2021-07-01,2024-06-30
150177,UNITY PHYSICIANS HOSPITAL,IN,READM-30-COPD-HRRP,,,,,N/A,N/A,N/A,5,2021-07-01,2024-06-30
150177,UNITY PHYSICIANS HOSPITAL,IN,READM-30-HF-HRRP,,,,,N/A,N/A,N/A,5,2021-07-01,2024-06-30
150177,UNITY PHYSICIANS HOSPITAL,IN,READM-30-HIP-KNEE-HRRP,,0.9531,6.2298,6.5361,N/A,0.9531,Too Few to Report,,2021-07-01,2024-06-30
150177,UNITY PHYSICIANS HOSPITAL,IN,READM-30-PN-HRRP,,,,,N/A,N/A,N/A,1,2021-07-01,2024-06-30
150104,WITHAM HEALTH SERVICES,IN,READM-30-AMI-HRRP,,1.0025,16.3127,16.2728,N/A,1.0025,Too Few to Report,,2021-07-01,2024-06-30
150104,WITHAM HEALTH SERVICES,IN,READM-30-CABG-HRRP,,,,,N/A,N/A,N/A,5,2021-07-01,2024-06-30
150104,WITHAM HEALTH SERVICES,IN,READM-30-COPD-HRRP,,0.9338,15.5617,16.6652,N/A,0.9338,Too Few to Report,,2021-07-01,2024-06-30
150104,WITHAM HEALTH SERVICES,IN,READM-30-HF-HRRP,99,0.9788,18.7171,19.1218,99,0.9788,17,,2021-07-01,2024-06-30
150104,WITHAM HEALTH SERVICES,IN,READM-30-HIP-KNEE-HRRP,,1.1613,5.7542,4.9548,N/A,1.1613,Too Few to Report,,2021-07-01,2024-06-30
150104,WITHAM HEALTH SERVICES,IN,READM-30-PN-HRRP,135,1.0502,15.3778,14.6428,135,1.0502,24,,2021-07-01,2024-06-30
